{
	"info": {
		"_postman_id": "097ce034-413f-48aa-97da-88b2b244056b",
		"name": "Data-Driven-Collection",
		"schema": "https://schema.getpostman.com/json/collection/v2.1.0/collection.json",
		"_exporter_id": "31715116"
	},
	"item": [
		{
			"name": "RegisterUser",
			"protocolProfileBehavior": {
				"disabledSystemHeaders": {
					"content-type": true
				}
			},
			"request": {
				"method": "POST",
				"header": [
					{
						"key": "Content-Type",
						"value": "application/json",
						"type": "text"
					}
				],
				"body": {
					"mode": "raw",
					"raw": "{\r\n    \"email\": \"{{email}}\",\r\n    \"password\": \"{{password}}\"\r\n}"
				},
				"url": {
					"raw": "https://reqres.in/api/register",
					"protocol": "https",
					"host": [
						"reqres",
						"in"
					],
					"path": [
						"api",
						"register"
					]
				}
			},
			"response": []
		},
		{
			"name": "LoginReqCSV",
			"request": {
				"method": "POST",
				"header": [],
				"body": {
					"mode": "formdata",
					"formdata": [
						{
							"key": "email",
							"value": "{{email}}",
							"type": "text"
						},
						{
							"key": "password",
							"value": "{{password}}",
							"type": "text"
						}
					]
				},
				"url": {
					"raw": "https://tutorialsninja.com/demo/index.php?route=account/login",
					"protocol": "https",
					"host": [
						"tutorialsninja",
						"com"
					],
					"path": [
						"demo",
						"index.php"
					],
					"query": [
						{
							"key": "route",
							"value": "account/login"
						}
					]
				}
			},
			"response": []
		},
		{
			"name": "LoginReqJSON",
			"request": {
				"method": "POST",
				"header": [],
				"body": {
					"mode": "formdata",
					"formdata": [
						{
							"key": "email",
							"value": "{{email}}",
							"type": "text"
						},
						{
							"key": "password",
							"value": "{{password}}",
							"type": "text"
						}
					]
				},
				"url": {
					"raw": "https://tutorialsninja.com/demo/index.php?route=account/login",
					"protocol": "https",
					"host": [
						"tutorialsninja",
						"com"
					],
					"path": [
						"demo",
						"index.php"
					],
					"query": [
						{
							"key": "route",
							"value": "account/login"
						}
					]
				}
			},
			"response": []
		}
	]
}