{
	"info": {
		"_postman_id": "1fac7d17-a814-420c-bb66-7e432bfd1d99",
		"name": "HTTP-Methods",
		"description": "This is the demo API documentation with HTTP Methods",
		"schema": "https://schema.getpostman.com/json/collection/v2.1.0/collection.json",
		"_exporter_id": "31715116"
	},
	"item": [
		{
			"name": "GetMethod-Demo",
			"request": {
				"method": "GET",
				"header": [
					{
						"key": "x-api-key",
						"value": "{{xapikey}}",
						"type": "text"
					}
				],
				"url": {
					"raw": "https://api.postman.com/workspaces",
					"protocol": "https",
					"host": [
						"api",
						"postman",
						"com"
					],
					"path": [
						"workspaces"
					]
				},
				"description": "This request gives the list of workspaces"
			},
			"response": []
		},
		{
			"name": "PostMethod-Demo",
			"event": [
				{
					"listen": "test",
					"script": {
						"exec": [
							"//Chaining the request\r",
							"//Chaining with delete request and provide workflow id in next Delete request\r",
							"\r",
							"\r",
							"var jsonData = pm.response.json();\r",
							"\r",
							"console.log(jsonData.workspace.id);\r",
							"\r",
							"pm.environment.set(\"workspace_id\",jsonData.workspace.id);\r",
							"\r",
							"console.log(jsonData.workspace.name);"
						],
						"type": "text/javascript"
					}
				}
			],
			"request": {
				"method": "POST",
				"header": [
					{
						"key": "x-api-key",
						"value": "{{xapikey}}",
						"type": "text"
					}
				],
				"body": {
					"mode": "raw",
					"raw": "{\r\n    \"workspace\": {\r\n        \"name\": \"Workspace-{{$randomAlphaNumeric}}\",\r\n        \"type\": \"personal\",\r\n        \"visibility\": \"personal\",\r\n        \"description\": \"This workspace created from postman\"\r\n    }\r\n}",
					"options": {
						"raw": {
							"language": "json"
						}
					}
				},
				"url": {
					"raw": "https://api.postman.com/workspaces",
					"protocol": "https",
					"host": [
						"api",
						"postman",
						"com"
					],
					"path": [
						"workspaces"
					]
				},
				"description": "You can create new workspace with this POST request"
			},
			"response": []
		},
		{
			"name": "PutMethod-Demo",
			"request": {
				"method": "PUT",
				"header": [
					{
						"key": "x-api-key",
						"value": "{{xapikey}}",
						"type": "text"
					}
				],
				"body": {
					"mode": "raw",
					"raw": "{\r\n    \"workspace\": {\r\n        \"id\": \"d443e364-7c4c-4885-b0c2-3810312cfc29\",\r\n        \"name\": \"Workspace-1-New\",\r\n        \"type\": \"personal\",\r\n        \"visibility\": \"personal\",\r\n        \"description\": \"This workspace created from postman\"\r\n    }\r\n}",
					"options": {
						"raw": {
							"language": "json"
						}
					}
				},
				"url": {
					"raw": "https://api.postman.com/workspaces/d443e364-7c4c-4885-b0c2-3810312cfc29",
					"protocol": "https",
					"host": [
						"api",
						"postman",
						"com"
					],
					"path": [
						"workspaces",
						"d443e364-7c4c-4885-b0c2-3810312cfc29"
					]
				}
			},
			"response": []
		},
		{
			"name": "DeleteMethod-Demo",
			"request": {
				"method": "DELETE",
				"header": [
					{
						"key": "x-api-key",
						"value": "{{xapikey}}",
						"type": "text"
					}
				],
				"url": {
					"raw": "https://api.postman.com/workspaces/{{workspace_id}}",
					"protocol": "https",
					"host": [
						"api",
						"postman",
						"com"
					],
					"path": [
						"workspaces",
						"{{workspace_id}}"
					]
				}
			},
			"response": []
		},
		{
			"name": "OptionsMethod-Demo",
			"request": {
				"method": "OPTIONS",
				"header": [
					{
						"key": "x-api-key",
						"value": "{{xapikey}}",
						"type": "text"
					}
				],
				"url": {
					"raw": "https://api.postman.com/workspaces",
					"protocol": "https",
					"host": [
						"api",
						"postman",
						"com"
					],
					"path": [
						"workspaces"
					]
				}
			},
			"response": []
		},
		{
			"name": "HeadMethod-Demo",
			"request": {
				"method": "HEAD",
				"header": [
					{
						"key": "x-api-key",
						"value": "{{xapikey}}",
						"type": "text"
					}
				],
				"url": {
					"raw": "https://api.postman.com/workspaces",
					"protocol": "https",
					"host": [
						"api",
						"postman",
						"com"
					],
					"path": [
						"workspaces"
					]
				}
			},
			"response": []
		},
		{
			"name": "GetReqPosts",
			"request": {
				"method": "PATCH",
				"header": [],
				"body": {
					"mode": "raw",
					"raw": "{\r\n    \"title\": \"Updating with PUT method in postman-new-update with PATCH method\"\r\n}",
					"options": {
						"raw": {
							"language": "json"
						}
					}
				},
				"url": {
					"raw": "https://jsonplaceholder.typicode.com/posts/25",
					"protocol": "https",
					"host": [
						"jsonplaceholder",
						"typicode",
						"com"
					],
					"path": [
						"posts",
						"25"
					]
				}
			},
			"response": []
		},
		{
			"name": "UserReq",
			"request": {
				"method": "POST",
				"header": [],
				"body": {
					"mode": "raw",
					"raw": "{\r\n    \"name\": \"{{$randomFullName}}\",\r\n    \"username\": \"{{$randomUserName}}\",\r\n    \"email\": \"{{$randomEmail}}\",\r\n    \"address\": {\r\n        \"street\": \"{{$randomStreetName}}\",\r\n        \"suite\": \"{{$randomStreetAddress}}\",\r\n        \"city\": \"{{$randomCity}}\",\r\n        \"zipcode\": \"{{$randomCountryCode}}\",\r\n        \"geo\": {\r\n            \"lat\": \"-37.3159\",\r\n            \"lng\": \"81.1496\"\r\n        }\r\n    },\r\n    \"phone\": \"1-770-736-8031 x56442\",\r\n    \"website\": \"hildegard.org\",\r\n    \"company\": {\r\n        \"name\": \"Romaguera-Crona\",\r\n        \"catchPhrase\": \"Multi-layered client-server neural-net\",\r\n        \"bs\": \"harness real-time e-markets\"\r\n    }\r\n}",
					"options": {
						"raw": {
							"language": "json"
						}
					}
				},
				"url": {
					"raw": "https://jsonplaceholder.typicode.com/users/",
					"protocol": "https",
					"host": [
						"jsonplaceholder",
						"typicode",
						"com"
					],
					"path": [
						"users",
						""
					]
				}
			},
			"response": []
		},
		{
			"name": "GetUserReq",
			"protocolProfileBehavior": {
				"disableBodyPruning": true
			},
			"request": {
				"method": "GET",
				"header": [],
				"body": {
					"mode": "raw",
					"raw": "{\r\n    \"id\": 1,\r\n    \"name\": \"Leanne Graham\",\r\n    \"username\": \"Bret\",\r\n    \"email\": \"Sincere@april.biz\",\r\n    \"address\": {\r\n        \"street\": \"Kulas Light\",\r\n        \"suite\": \"Apt. 556\",\r\n        \"city\": \"Gwenborough\",\r\n        \"zipcode\": \"92998-3874\",\r\n        \"geo\": {\r\n            \"lat\": \"-37.3159\",\r\n            \"lng\": \"81.1496\"\r\n        }\r\n    },\r\n    \"phone\": \"1-770-736-8031 x56442\",\r\n    \"website\": \"hildegard.org\",\r\n    \"company\": {\r\n        \"name\": \"Romaguera-Crona\",\r\n        \"catchPhrase\": \"Multi-layered client-server neural-net\",\r\n        \"bs\": \"harness real-time e-markets\"\r\n    }\r\n}"
				},
				"url": {
					"raw": "https://jsonplaceholder.typicode.com/users/",
					"protocol": "https",
					"host": [
						"jsonplaceholder",
						"typicode",
						"com"
					],
					"path": [
						"users",
						""
					]
				}
			},
			"response": []
		}
	],
	"event": [
		{
			"listen": "prerequest",
			"script": {
				"type": "text/javascript",
				"exec": [
					""
				]
			}
		},
		{
			"listen": "test",
			"script": {
				"type": "text/javascript",
				"exec": [
					""
				]
			}
		}
	],
	"variable": [
		{
			"key": "xapikey",
			"value": "PMAK-65789c60bcf42275469029cb-0de376ac3acb21f15427ae4e51013dcd81",
			"type": "string"
		}
	]
}