{
	"info": {
		"_postman_id": "a5f78649-f4dd-4b3f-8db8-860b825a0f3e",
		"name": "Mock-Collection",
		"schema": "https://schema.getpostman.com/json/collection/v2.1.0/collection.json",
		"_exporter_id": "31715116"
	},
	"item": [
		{
			"name": "mockRequest",
			"request": {
				"method": "POST",
				"header": [],
				"body": {
					"mode": "raw",
					"raw": "{\r\n\"id\": 6,\r\n\"email\": \"tracey.ramos@reqres.in\",\r\n\"first_name\": \"Tracey\",\r\n\"last_name\": \"Ramos\",\r\n\"avatar\": \"https://reqres.in/img/faces/6-image.jpg\"\r\n}"
				},
				"url": {
					"raw": "https://587ffa65-f111-48ba-bf3e-b3b999d5ea98.mock.pstmn.io/demowebsite",
					"protocol": "https",
					"host": [
						"587ffa65-f111-48ba-bf3e-b3b999d5ea98",
						"mock",
						"pstmn",
						"io"
					],
					"path": [
						"demowebsite"
					]
				}
			},
			"response": []
		}
	]
}