{
	"info": {
		"_postman_id": "ddaad22e-da98-4cc8-a66b-a8b474402576",
		"name": "OpenWeatherAPI_global-apikey",
		"schema": "https://schema.getpostman.com/json/collection/v2.1.0/collection.json",
		"_exporter_id": "31715116"
	},
	"item": [
		{
			"name": "GetWeatherLatLong",
			"request": {
				"method": "GET",
				"header": [],
				"url": {
					"raw": "{{Base_URL}}?lat=28.61&lon=77.20&appid={{global_api_key}}",
					"host": [
						"{{Base_URL}}"
					],
					"query": [
						{
							"key": "lat",
							"value": "28.61"
						},
						{
							"key": "lon",
							"value": "77.20"
						},
						{
							"key": "appid",
							"value": "{{global_api_key}}"
						}
					]
				}
			},
			"response": []
		},
		{
			"name": "GetCityID",
			"request": {
				"method": "GET",
				"header": [],
				"url": {
					"raw": "{{Base_URL}}?id=1261481&appid={{global_api_key}}",
					"host": [
						"{{Base_URL}}"
					],
					"query": [
						{
							"key": "id",
							"value": "1261481"
						},
						{
							"key": "appid",
							"value": "{{global_api_key}}"
						}
					]
				}
			},
			"response": []
		},
		{
			"name": "GetCityByName",
			"event": [
				{
					"listen": "prerequest",
					"script": {
						"exec": [
							"pm.environment.set(\"City\", \"Hyderabad\");"
						],
						"type": "text/javascript"
					}
				}
			],
			"request": {
				"method": "GET",
				"header": [],
				"url": {
					"raw": "{{Base_URL}}?q={{City}}&appid={{global_api_key}}&units=metric",
					"host": [
						"{{Base_URL}}"
					],
					"query": [
						{
							"key": "q",
							"value": "{{City}}"
						},
						{
							"key": "appid",
							"value": "{{global_api_key}}"
						},
						{
							"key": "units",
							"value": "metric"
						}
					]
				}
			},
			"response": []
		},
		{
			"name": "GetLanguage",
			"request": {
				"method": "GET",
				"header": [],
				"url": {
					"raw": "{{Base_URL}}?id=524901&lang=fr&appid={{global_api_key}}",
					"host": [
						"{{Base_URL}}"
					],
					"query": [
						{
							"key": "id",
							"value": "524901"
						},
						{
							"key": "lang",
							"value": "fr"
						},
						{
							"key": "appid",
							"value": "{{global_api_key}}"
						}
					]
				}
			},
			"response": []
		}
	],
	"event": [
		{
			"listen": "prerequest",
			"script": {
				"type": "text/javascript",
				"exec": [
					""
				]
			}
		},
		{
			"listen": "test",
			"script": {
				"type": "text/javascript",
				"exec": [
					""
				]
			}
		}
	]
}