{
	"id": "a81f61fd-7d84-4f42-87b9-44c7e70aef68",
	"name": "QA_Environment",
	"values": [
		{
			"key": "Base_URL",
			"value": "https://api.openweathermap.org/data/2.5/weather",
			"type": "default",
			"enabled": true
		},
		{
			"key": "apikey_env",
			"value": "76ba268c76e167215e39cd48de2e8afc",
			"type": "default",
			"enabled": true
		},
		{
			"key": "BaseURLDemo",
			"value": "https://reqres.in/api/users",
			"type": "default",
			"enabled": true
		},
		{
			"key": "City",
			"value": "Hyderabad",
			"type": "any",
			"enabled": true
		},
		{
			"key": "email",
			"value": "",
			"type": "default",
			"enabled": true
		},
		{
			"key": "password",
			"value": "",
			"type": "default",
			"enabled": true
		},
		{
			"key": "workspace_id",
			"value": "",
			"type": "any",
			"enabled": true
		}
	],
	"_postman_variable_scope": "environment",
	"_postman_exported_at": "2023-12-14T18:21:13.698Z",
	"_postman_exported_using": "Postman/10.21.2"
}