{
	"id": "25a5a71d-ac02-4893-8edc-13d96179b785",
	"values": [
		{
			"key": "global_url",
			"value": "",
			"type": "default",
			"enabled": true
		},
		{
			"key": "global_api_key",
			"value": "",
			"type": "default",
			"enabled": true
		},
		{
			"key": "global_var1",
			"value": "",
			"type": "any",
			"enabled": true
		},
		{
			"key": "",
			"value": "",
			"type": "default",
			"enabled": true
		}
	],
	"name": "Globals",
	"_postman_variable_scope": "globals",
	"_postman_exported_at": "2023-12-14T18:41:24.799Z",
	"_postman_exported_using": "Postman/10.20.10"
}